code_chunk,file_name,file_path,path_to_code_chunk,parent,prev_sibling,next_sibling,start_point,end_point,has_error,code_node_type,code_identifier,is_chunked,num_tokens,uuid_str,code_embedding
"// Example usage:
//
// import { MyShape } from ./myShape.js;
//
// class MyComponent extends React.Component {
//   //
// }
//
// MyComponent.propTypes = {
//   input: MyShape
// };

import PropTypes from ""prop-types"";

let _BasketMargins;
let _Data;
let _Final;
let _Pnl;
_Pnl = PropTypes.shape({
    ""realised"": PropTypes.oneOfType([PropTypes.number, PropTypes.any]),
    ""unrealised"": PropTypes.oneOfType([PropTypes.number, PropTypes.any]),
});
_Final = PropTypes.shape({
    ""additional"": PropTypes.oneOfType([PropTypes.number, PropTypes.any]),
    ""bo"": PropTypes.oneOfType([PropTypes.number, PropTypes.any]),
    ""cash"": PropTypes.oneOfType([PropTypes.number, PropTypes.any]),
    ""exchange"": PropTypes.oneOfType([PropTypes.any, PropTypes.string]),
    ""exposure"": PropTypes.oneOfType([PropTypes.number, PropTypes.any]),
    ""option_premium"": PropTypes.oneOfType([PropTypes.number, PropTypes.any]),
    ""pnl"": PropTypes.oneOfType([_Pnl, PropTypes.any]),
    ""span"": PropTypes.oneOfType([PropTypes.number, PropTypes.any]),
    ""total"": PropTypes.oneOfType([PropTypes.number, PropTypes.any]),
    ""tradingsymbol"": PropTypes.oneOfType([PropTypes.any, PropTypes.string]),
    ""type"": PropTypes.oneOfType([PropTypes.any, PropTypes.string]),
    ""var"": PropTypes.oneOfType([PropTypes.number, PropTypes.any]),
});
_Data = PropTypes.shape({
    ""final"": PropTypes.oneOfType([_Final, PropTypes.any]),
    ""initial"": PropTypes.oneOfType([_Final, PropTypes.any]),
    ""orders"": PropTypes.oneOfType([PropTypes.arrayOf(_Final), PropTypes.any]),
});
_BasketMargins = PropTypes.shape({
    ""data"": PropTypes.oneOfType([_Data, PropTypes.any]),
    ""status"": PropTypes.oneOfType([PropTypes.any, PropTypes.string]),
});

export const BasketMargins = _BasketMargins;",basket_margins_prop_types.js,repositories/abc/data/basket_margins_prop_types.js,,NA,Previous sibling does not exist,"// Example usage:
//
// import { MyShape } from ./myShape.js;
//
// class MyComponent extends React.Component {
//   //
// }
//
// MyComponent.propTypes = {
//   input: MyShape
// };
import PropTypes from ""prop-types"";
let _BasketMargins;
let _Data;
let _Final;
let _Pnl;
_Pnl = PropTypes.shape({
    ""realised"": PropTypes.oneOfType([PropTypes.number, PropTypes.any]),
    ""unrealised"": PropTypes.oneOfType([PropTypes.number, PropTypes.any]),
});
_Final = PropTypes.shape({
    ""additional"": PropTypes.oneOfType([PropTypes.number, PropTypes.any]),
    ""bo"": PropTypes.oneOfType([PropTypes.number, PropTypes.any]),
    ""cash"": PropTypes.oneOfType([PropTypes.number, PropTypes.any]),
    ""exchange"": PropTypes.oneOfType([PropTypes.any, PropTypes.string]),
    ""exposure"": PropTypes.oneOfType([PropTypes.number, PropTypes.any]),
    ""option_premium"": PropTypes.oneOfType([PropTypes.number, PropTypes.any]),
    ""pnl"": PropTypes.oneOfType([_Pnl, PropTypes.any]),
    ""span"": PropTypes.oneOfType([PropTypes.number, PropTypes.any]),
    ""total"": PropTypes.oneOfType([PropTypes.number, PropTypes.any]),
    ""tradingsymbol"": PropTypes.oneOfType([PropTypes.any, PropTypes.string]),
    ""type"": PropTypes.oneOfType([PropTypes.any, PropTypes.string]),
    ""var"": PropTypes.oneOfType([PropTypes.number, PropTypes.any]),
});
_Data = PropTypes.shape({
    ""final"": PropTypes.oneOfType([_Final, PropTypes.any]),
    ""initial"": PropTypes.oneOfType([_Final, PropTypes.any]),
    ""orders"": PropTypes.oneOfType([PropTypes.arrayOf(_Final), PropTypes.any]),
});
_BasketMargins = PropTypes.shape({
    ""data"": PropTypes.oneOfType([_Data, PropTypes.any]),
    ""status"": PropTypes.oneOfType([PropTypes.any, PropTypes.string]),
});
export const BasketMargins = _BasketMargins;","(0, 0)","(46, 44)",N,program,program,,387,cc932c84-e2d5-4b17-b912-76600c59eb18,"[0.009244446642696857, 0.0036094491370022297, -0.00336290686391294, -0.022220727056264877, -0.02356872707605362, 0.010337037034332752, 0.0005525029264390469, -0.019751757383346558, -0.007211803458631039, -0.025782287120819092, 0.05031589791178703, -0.007520424667745829, 0.010053247213363647, 0.010670489631593227, -0.004281675908714533, -0.01194044854491949, 0.0010030189296230674, 0.011628279462456703, 0.046257708221673965, -0.024292390793561935, 0.019822705537080765, 0.0007755437982268631, -0.006481045391410589, -0.014615165069699287, 0.002059248508885503, 0.016019923612475395, 0.0231004748493433, -0.04075218737125397, -0.0043739075772464275, -0.011025226674973965, 0.035360187292099, -0.004164612386375666, -0.015721945092082024, -0.04109273478388786, -0.0024139853194355965, -0.004590297117829323, -0.0030862120911478996, -0.02263222262263298, 0.021653147414326668, 0.009357962757349014, -0.001625582342967391, -0.002823706716299057, -0.014572597108781338, 0.012288090772926807, -0.007662319578230381, 0.013494196347892284, 0.0036502438597381115, -0.028875593096017838, -0.03201146796345711, 0.003923391457647085, 0.008747815154492855, 0.021426115185022354, -0.035416945815086365, -0.012075248174369335, 0.006005697883665562, -0.002034416887909174, 0.009194783866405487, 0.0031961805652827024, 0.01834699884057045, -0.005689981859177351, 0.03575749322772026, 0.014657733961939812, -0.012798911891877651, -0.007953204214572906, -0.004200086463242769, -0.010337037034332752, -0.013245880603790283, 0.019694998860359192, 0.0024068907368928194, -0.014182385988533497, 0.03272094205021858, 0.04143328219652176, -0.0034214386250823736, -0.008762004785239697, 0.018659166991710663, -0.011074889451265335, -0.03601290285587311, -0.021369358524680138, -0.029996562749147415, -0.020603125914931297, -0.004842160269618034, -0.010535689070820808, 0.0015564087079837918, 0.034281786531209946, 0.006012792699038982, 0.016289524734020233, -0.00618306640535593, 0.004349075723439455, 0.009577899239957333, -0.009592088870704174, 0.022121399641036987, -0.0026303750928491354, -0.011876595206558704, 0.013969543389976025, 0.007247277535498142, -0.014757060445845127, -0.02091529406607151, 0.01929769478738308, -0.030308730900287628, -0.0017781193600967526, -0.011089079082012177, 0.010585352778434753, -0.04628608748316765, -0.01626114547252655, -0.01636047102510929, 0.0016779061406850815, 0.010514405556023121, 0.01344453264027834, 0.033600691705942154, -0.022830873727798462, -0.026023507118225098, 0.025980940088629723, 0.011138742789626122, -0.012919521890580654, 0.004540633875876665, 0.011032321490347385, -0.0005023963167332113, -0.0008123478037305176, -0.011585711501538754, -0.032096605747938156, -0.0022437116131186485, 0.023937653750181198, -0.0020752116106450558, -0.015821270644664764, 0.00048731997958384454, -0.0009808478644117713, -0.004214275628328323, 0.006080192513763905, -0.022476136684417725, -0.024973485618829727, 0.06646353006362915, 0.009258636273443699, 0.01614762842655182, 0.006899634841829538, -0.009875878691673279, 0.004288770724087954, -0.031529027968645096, 0.010457647033035755, -0.022305862978100777, -0.022930201143026352, 0.02349778078496456, 0.015821270644664764, 0.014856385998427868, 0.013941165059804916, -0.025030244141817093, 0.003251164685934782, 0.02213558927178383, 0.03328852355480194, 0.01216038502752781, -0.010812384076416492, 0.008435646072030067, 0.012117816135287285, 0.009294110350310802, 0.017850367352366447, -0.010578257963061333, -0.003628959646448493, -0.018517272546887398, 0.003997886087745428, 0.024462664499878883, -0.00513304490596056, 0.0231004748493433, 0.019439589232206345, 0.0025700696278363466, 0.008350509218871593, 0.011947542428970337, 0.015012471005320549, 0.017992261797189713, -0.005221728701144457, -0.0004028482362627983, 0.008974846452474594, 0.008236994035542011, 0.018304429948329926, -0.004849255084991455, 0.020120684057474136, 0.002385606523603201, -0.0020024904515594244, 0.004168159794062376, 0.004583202302455902, -0.02803841419517994, 0.011713416315615177, -0.013465817086398602, -0.0161760076880455, 0.020177442580461502, 0.016601692885160446, -0.005831876769661903, -0.011422531679272652, 0.03308986872434616, -0.01135158445686102, -0.010287373326718807, -0.012557690031826496, 0.013139459304511547, 0.028818834573030472, -0.011777268722653389, -0.00013103098899591714, -0.5871039628982544, -0.01948215626180172, 0.007562993094325066, -0.0517064668238163, 0.019836893305182457, 0.011138742789626122, 0.0074210986495018005, 0.009478572756052017, -0.002144385362043977, 0.0025257274974137545, -0.015807081013917923, 0.0020007167477160692, 0.015381396748125553, 0.007307582534849644, 0.016218576580286026, -0.025995129719376564, 0.03490612283349037, -0.029343847185373306, 0.0065590874291956425, 0.005856708157807589, -0.02663365565240383, -0.00505854981020093, -0.004384549334645271, -0.0024334960617125034, -0.0034781964495778084, 0.014842197299003601, 0.007811309304088354, -0.004856349900364876, 0.02625053934752941, 0.014352659694850445, -0.06453375518321991, 0.018900388851761818, 0.010237710550427437, 0.0009551294497214258, 0.039106208831071854, -0.014040491543710232, -0.02698839269578457, 0.013962449505925179, 0.034281786531209946, 0.02765529789030552, -0.006332055665552616, 0.0035385016817599535, 0.019368641078472137, -0.001363963820040226, -0.014856385998427868, -0.0006957279983907938, 0.05777956545352936, -0.01450164895504713, 0.011670848354697227, 0.038084566593170166, -0.02311466448009014, -0.005732550285756588, -0.002231295919045806, 0.02432077005505562, -0.005455855280160904, -0.03680751472711563, 0.04515092819929123, -0.0014473270857706666, -0.009804931469261646, -0.0012531084939837456, -0.005604845006018877, 0.003199727972969413, -0.026931634172797203, -0.017665904015302658, -0.005700624082237482, 0.00474992860108614, -0.011060699820518494, 0.003121685702353716, 0.0017045113490894437, -0.024590369313955307, 0.012500932440161705, 0.026789739727973938, 0.013820554129779339, -0.007009603548794985, 0.008066719397902489, 0.04376035928726196, 0.02158220112323761, -0.027995845302939415, 0.016601692885160446, 0.021695716306567192, 0.02196531556546688, -0.0032139173708856106, -0.02652014046907425, -0.023072095587849617, 0.017183462157845497, -0.004664791747927666, -0.014714491553604603, 0.0070486245676875114, 0.00930829904973507, -0.004799591843038797, 0.0182618610560894, 0.00057910819305107, -0.012337753549218178, -0.008563351817429066, -0.0025345960166305304, 0.016034113243222237, -0.009684320539236069, 0.026009317487478256, -0.00525010796263814, -0.009570804424583912, -0.015083418227732182, 0.008598824962973595, 0.0027084171306341887, 0.03184119611978531, -0.002868048846721649, -0.002351906383410096, -0.026732981204986572, 0.018205104395747185, 0.027414076030254364, -0.03348717465996742, -0.012096532620489597, -0.025342412292957306, -0.024859970435500145, -0.013494196347892284, 0.005835424177348614, -0.02832220308482647, 0.007442382629960775, 0.006126308348029852, 0.014671923592686653, 0.001278826966881752, 0.018985524773597717, 0.011968826875090599, 0.010471836663782597, -0.015140175819396973, 0.003006396349519491, 0.015736134722828865, 0.022490326315164566, 0.012458364479243755, -0.014090154320001602, -0.001249561202712357, 0.024079548195004463, 0.011387058533728123, 0.01959567330777645, -0.014281712472438812, 0.030081698670983315, 0.007754551246762276, 0.006896087434142828, 0.0022862800396978855, 0.024576181545853615, -0.026264728978276253, -0.008116383105516434, -0.012806006707251072, 0.011273542419075966, -0.033402036875486374, -0.008776193484663963, -0.0021692169830203056, -0.011110363528132439, -0.019340261816978455, -0.0028112907893955708, 0.024576181545853615, -0.010003583505749702, -0.015480723232030869, 0.012103627435863018, -0.004122043959796429, 0.009450194425880909, -0.0111316479742527, -0.003079117275774479, 0.01644560880959034, 0.0033274332527071238, 0.0054948762990534306, -0.014671923592686653, 0.028946541249752045, -0.013792174868285656, -0.0007431740523315966, -0.01931188255548477, 0.006580371875315905, 0.0004265712632331997, -0.0013834743294864893, -0.010833668522536755, -0.03062089905142784, -0.025881612673401833, 0.00016062935173977166, -0.005927655380219221, 0.011521858163177967, -0.002126648323610425, 0.019751757383346558, -0.02822287753224373, -0.0019279957050457597, 0.023739000782370567, -0.010060342028737068, 0.0023465852718800306, -0.011252257972955704, -0.018304429948329926, -0.003568654414266348, 0.022759927436709404, 0.03280607983469963, 0.025172138586640358, 0.003166027832776308, 0.006339150480926037, 0.012862764298915863, -0.02223491668701172, 0.024405907839536667, 0.01644560880959034, 0.0069634877145290375, -0.0264350026845932, 0.01834699884057045, -0.01194044854491949, 0.03876566141843796, -0.002694227732717991, -0.0049060131423175335, 0.01636047102510929, 0.012522216886281967, 0.011046511121094227, -0.03700616583228111, 0.01939702033996582, -0.04696718230843544, 0.0017222482711076736, -0.033316899091005325, -0.023980222642421722, 0.035502079874277115, 0.014175291173160076, -0.03138713166117668, -0.01283438503742218, -0.006034076679497957, 0.010840763337910175, -0.009145120158791542, -0.009244446642696857, -0.006193708162754774, 0.006434929557144642, -0.0058034975081682205, 0.012153290212154388, -0.010251900181174278, -0.013224596157670021, 0.007265014108270407, -0.02023419924080372, 0.0272721815854311, -0.0017320035258308053, -0.006761287804692984, -0.051365919411182404, -0.03357231244444847, -0.0025115380994975567, 0.013118174858391285, 0.0020752116106450558, -0.0075913723558187485, 0.002547011710703373, 0.02073083072900772, 0.028407340869307518, 0.009102552197873592, 0.027683677151799202, -0.042454928159713745, 0.02586742304265499, 0.0005950713530182838, -0.012614448554813862, -0.0036076754331588745, 0.012053963728249073, -0.025328222662210464, 0.0545443631708622, 0.04194410517811775, -0.003430306911468506, -0.0004828857781831175, -0.006888993084430695, 0.004877633880823851, 0.004739286378026009, -0.0029744699131697416, 0.01929769478738308, -0.00974817294627428, -0.0012123137712478638, 0.043590083718299866, 0.0142178600654006, 0.022220727056264877, -0.016658449545502663, -0.0025771644432097673, 0.0024742907844483852, 0.003994338680058718, 0.021724095568060875, -0.018872009590268135, -0.032947976142168045, -0.020489610731601715, -0.03621155396103859, 0.0036059017293155193, -0.01844632439315319, 0.006126308348029852, -0.01758076623082161, 0.004221370443701744, 0.01712670363485813, -0.004799591843038797, 0.022391000762581825, 0.019453778862953186, -0.00649168761447072, 0.010017773136496544, -0.04761989787220955, -0.0285208560526371, 0.018687546253204346, 0.02119908481836319, -0.01968080922961235, -0.015906408429145813, -0.015267881564795971, 0.003962412476539612, -0.022873442620038986, 0.030280351638793945, -0.015381396748125553, 0.015736134722828865, -0.008634299039840698, 0.007279203739017248, -0.009861689060926437, 0.011834027245640755, -0.007176329847425222, -0.009953920729458332, 0.008215709589421749, -0.009088362567126751, 0.024221444502472878, 0.028762077912688255, -0.010833668522536755, -0.0010092267766594887, 0.0380278080701828, 0.018417945131659508, -0.01644560880959034, -0.01297628041356802, 0.007073455955833197, -0.020560557022690773, -0.010436363518238068, -0.04211438074707985, -0.006168876774609089, 0.006633582059293985, 0.0098829735070467, -0.030479004606604576, 0.0019616957288235426, -0.0067506455816328526, 0.005168518517166376, -0.0023554537910968065, -0.009450194425880909, -0.024576181545853615, -0.02585323341190815, 0.00974817294627428, 0.011372868902981281, 0.0355304591357708, 0.008286656811833382, -0.0012956769205629826, -0.00618306640535593, -0.013912785798311234, -0.035416945815086365, 0.009627562947571278, 0.0014863481046631932, -0.004785402212291956, 0.01326716411858797, 0.00618306640535593, -0.019737567752599716, 0.009989394806325436, 0.01758076623082161, 0.026278918609023094, -0.027825571596622467, -0.029627636075019836, 0.014430701732635498, -0.020560557022690773, -0.0005866463179700077, -0.014324280433356762, 0.01712670363485813, 0.022745737805962563, 0.013919880613684654, 0.022362621501088142, -0.0075062355026602745, 0.02176666259765625, 0.017240218818187714, -0.01938283070921898, 0.005427476484328508, 0.01377798616886139, -0.0013834743294864893, 0.02121327444911003, -0.0189287681132555, 0.02395184338092804, 0.02870531938970089, 0.02642081305384636, 0.006066002883017063, 0.02537079155445099, 0.035615596920251846, 0.006544897798448801, 0.027783002704381943, 0.0007374095730483532, 0.00993973109871149, 0.02413630671799183, -0.0210997574031353, -0.028918161988258362, 0.011699226684868336, 0.008591731078922749, -0.005037265829741955, -0.0012194084702059627, 0.0036059017293155193, -0.027215424925088882, 0.020759209990501404, -0.0064207399263978004, 0.009861689060926437, -0.013799269683659077, 0.007307582534849644, -0.03448043763637543, 0.016119251027703285, -0.0006278845248743892, -0.009350867941975594, 0.005977318622171879, 0.0020557011011987925, -0.006910277064889669, -0.05428895354270935, 0.0010668715694919229, -0.026662034913897514, -0.012727964669466019, -0.0004895370802842081, 0.002059248508885503, 0.005207539536058903, -0.010273183695971966, 0.018659166991710663, 0.030308730900287628, 0.01426752284169197, -0.011223879642784595, 0.014984091743826866, 0.028364771977066994, 0.006459760945290327, -0.02213558927178383, -0.029343847185373306, -0.01833280920982361, 0.0016699244733899832, 0.005668697413057089, 0.016417229548096657, 0.005143686663359404, -0.015182744711637497, 0.019808515906333923, 0.001294790068641305, -0.008336319588124752, 0.011011037044227123, -0.02681811898946762, 0.026023507118225098, -0.0035988071467727423, -0.013174932450056076, 0.010344131849706173, -0.014742870815098286, -0.020120684057474136, 0.012415795587003231, -0.00772617245092988, 0.0031873120460659266, 0.004920202307403088, -0.0016406587092205882, 0.007981582544744015, 0.005321055185049772, -0.01298337522894144, 0.005913466215133667, -0.010287373326718807, 0.005282034166157246, -0.02701677195727825, -0.016658449545502663, -0.012380322441458702, -0.0017665904015302658, -0.01011709962040186, 0.0025381434243172407, -0.018474703654646873, 0.0001451096177333966, -0.0035030280705541372, -0.004647055175155401, -0.016984809190034866, 0.0012974506244063377, -0.015225312672555447, -0.014388133771717548, 0.011273542419075966, -0.01882944069802761, -0.00474992860108614, -0.0008735398878343403, 0.0031713489443063736, -0.002385606523603201, -0.002703096019104123, -0.020021356642246246, -0.014146911911666393, -0.022461948916316032, -0.0030436436645686626, 0.010869142599403858, 0.027981655672192574, 0.014168196357786655, 0.032635804265737534, -0.018049020320177078, -0.019283505156636238, 0.02043285220861435, -0.010471836663782597, -0.028478287160396576, -0.032352015376091, -0.04129138961434364, -0.0011821611551567912, 0.0009125609649345279, 0.02576809749007225, 0.011947542428970337, 0.02061731554567814, -0.025498496368527412, -0.013089795596897602, -0.011947542428970337, -0.027073528617620468, 0.0023554537910968065, -0.002908843569457531, 0.02917357161641121, 0.028932351619005203, 0.021085567772388458, 0.023029526695609093, 0.037034545093774796, 0.01861659809947014, 0.0049485815688967705, 0.01545234490185976, 0.018488893285393715, -0.014366849325597286, -0.03956027328968048, 0.006289487238973379, -0.014352659694850445, 0.03904945030808449, 0.010833668522536755, 0.017140893265604973, -0.012096532620489597, -0.00015320205420721322, -0.007321772165596485, -0.0009107873192988336, -0.030564142391085625, -0.04963480308651924, 0.0019244482973590493, 0.007314677350223064, -0.003934033680707216, 0.02146868407726288, -0.05113888904452324, -0.0030933069065213203, 0.010521500371396542, -0.0008566898759454489, -0.021043000742793083, -0.003079117275774479, 0.005331697408109903, -0.03763050213456154, 0.04163193702697754, -0.011763080023229122, 0.040156230330467224, -0.018602408468723297, -0.03382772207260132, -0.016601692885160446, -0.03961703181266785, -0.007328866980969906, 0.0031731226481497288, 0.02168152667582035, 0.029684394598007202, 0.017169272527098656, -0.02520051784813404, 0.011394153349101543, -0.03212498500943184, 0.005792855750769377, 0.0064739505760371685, 0.017850367352366447, 0.013721227645874023, -0.030280351638793945, -0.011755985207855701, -0.02623634971678257, -0.01506922859698534, 0.024774832651019096, -0.011401248164474964, 0.028662750497460365, 0.0013896822929382324, -0.009173499420285225, -0.008875519968569279, -0.016105061396956444, 0.043788738548755646, 0.005608392413705587, 0.00888970959931612, 0.027825571596622467, -0.0218518003821373, -0.04344819113612175, 0.0056225815787911415, -0.002350132679566741, 0.005324602592736483, 0.004661244340240955, 0.0012442400911822915, 0.002633922267705202, -0.018049020320177078, 0.021028811112046242, -0.007711982820183039, -0.02498767524957657, -0.022220727056264877, 0.03354393318295479, 0.012671206146478653, 0.023611295968294144, -0.026974203065037727, -0.0027775908820331097, -0.03178443759679794, -0.0017816666513681412, -0.012323563918471336, 0.00035407187533564866, 0.014771249145269394, -0.02481740154325962, 0.0008624543552286923, 0.01786455698311329, -0.013231690973043442, 0.036466967314481735, 0.017736850306391716, -0.003756664926186204, 0.004866992123425007, 0.004686076194047928, 0.009244446642696857, -0.007704888004809618, 0.01987946219742298, 0.03059251978993416, -0.02863437309861183, 0.014288807287812233, 0.03757374361157417, 0.012082342989742756, -0.03643858805298805, 0.015395586378872395, -0.008556257002055645, 0.03479260578751564, -0.019084852188825607, 0.008762004785239697, -0.013366490602493286, 0.005189802497625351, 0.05193350091576576, 0.006864161230623722, -0.03629669174551964, -0.05199025943875313, -0.01506922859698534, -0.014586785808205605, 0.021326789632439613, -0.029911424964666367, -0.01055697351694107, -0.04024136811494827, 0.012394511140882969, -0.0038666334003210068, -0.018559841439127922, -0.00617951899766922, -0.0029975278303027153, -0.03490612283349037, 0.00016983035311568528, -0.010195141658186913, -0.0017293429700657725, -0.0015865613240748644, 0.0190139040350914, -0.025157948955893517, -0.009975205175578594, 0.035785868763923645, -0.01719764992594719, 0.03291959688067436, -0.026960013434290886, 0.03232363611459732, -0.06583919376134872, 0.01644560880959034, -0.02071664109826088, -0.03013845719397068, 0.0006589239928871393, 0.005540992133319378, -0.012238427065312862, -0.005647413432598114, 0.024973485618829727, 0.025271466001868248, -0.0325222909450531, -0.016658449545502663, 0.016516555100679398, -0.0014863481046631932, -0.012720869854092598, -0.01645979844033718, 0.03172767907381058, 0.00444485479965806, -0.00128326122649014, -0.009613373316824436, -0.040723808109760284, -0.01741049252450466, -0.0031429699156433344, -0.01198301650583744, -0.02786814048886299, -0.00475702341645956, -0.01278472226113081, 0.007804214488714933, 0.03343041613698006, -0.00567933963611722, -0.006874803453683853, 0.03098982572555542, -0.02748502418398857, -0.03391285985708237, -0.003657338675111532, -0.014842197299003601, 0.012635733000934124, -0.00788935087621212, 0.016090871766209602, 0.026122834533452988, 0.008627204224467278, 0.05094023421406746, -0.039985958486795425, -0.012940806336700916, -0.019439589232206345, -0.0017994035733863711, -0.021071378141641617, 0.0011165348114445806, -0.003570428118109703, 0.039389997720718384, 0.011152931489050388, -0.03172767907381058, -0.0026924540288746357, -0.0009764136630110443, -0.03343041613698006, -0.02833639271557331, -0.03022359497845173, 0.003526085987687111, -0.0024955749977380037, 0.021043000742793083, -0.005420381668955088, 0.044441454112529755, 0.00015408889157697558, 0.010713057592511177, -0.03150064870715141, -0.008946467190980911, 0.02273154817521572, -0.006073097698390484, -7.116911729099229e-05, 0.008549162186682224, -0.02405117079615593, -0.013848933391273022, 0.02985466830432415, -0.013976638205349445, 0.011897879652678967, 0.01769428327679634, -0.023057905957102776, -0.03581424802541733, -0.03581424802541733, 0.017325356602668762, -0.018872009590268135, -0.005413286853581667, -0.0014739322941750288, -0.015807081013917923, -0.012280995957553387, 0.01948215626180172, -0.008293751627206802, -0.0017958561656996608, 0.0073785302229225636, -0.011046511121094227, 0.02442009560763836, 0.015934787690639496, 0.0056225815787911415, 0.016800345852971077, -0.0045973919332027435, -0.010138384066522121, 0.049010466784238815, -0.0013382454635575414, 0.0025434645358473063, 0.04631446674466133, 0.009592088870704174, -0.020191630348563194, -0.027116097509860992, -0.003472875338047743, -0.02556944452226162, -0.0009755268110893667, -0.0053529818542301655, -0.018843630328774452, -0.003295506816357374, -0.024561991915106773, 0.004065286368131638, -0.01197592169046402, -0.008194425143301487, -0.013515480794012547, -0.00870524626225233, -0.01154314260929823, 0.04018460959196091, -0.0012105400674045086, -0.03916296735405922, 0.007477856241166592, 0.00024343827681150287, -0.01569356583058834, -0.003781496547162533, -0.021255841478705406, 0.010039057582616806, -0.02358291670680046, -0.01911323145031929, -0.005555181764066219, -0.007399814203381538, -0.01959567330777645, -0.011670848354697227, 0.02213558927178383, 0.003160706954076886, 0.010251900181174278, 0.19570131599903107, -0.0006935108685865998, 0.008669773116707802, 0.029627636075019836, -0.005743192508816719, -0.027215424925088882, 0.006857066415250301, 0.0006917371647432446, 0.005838971119374037, 0.02539917081594467, -0.010393794625997543, 0.027641108259558678, -0.01948215626180172, -0.01902809366583824, 0.014168196357786655, 0.029627636075019836, -0.03431016579270363, -0.026931634172797203, -0.02623634971678257, 0.00048377260100096464, 0.03833997622132301, -0.005885086953639984, 0.014984091743826866, -0.028591804206371307, 0.019737567752599716, -0.006264655850827694, 0.02508700266480446, 0.004200086463242769, 0.024405907839536667, -0.000990603119134903, -0.02158220112323761, -0.015807081013917923, 0.006566182244569063, 0.002190501196309924, 0.003742475528270006, -0.011323206126689911, 0.01729697734117508, 0.003664433490484953, 0.027399888262152672, -0.01589221879839897, -0.011514763347804546, -0.026562707498669624, 0.03033711016178131, -0.00024122117611113936, -0.012926616705954075, -0.0007671188213862479, -0.028464097529649734, -0.003160706954076886, 0.032096605747938156, 0.026505950838327408, -0.036069661378860474, 0.016970619559288025, 0.029514120891690254, 0.013252975419163704, -0.016119251027703285, -0.013905690982937813, 0.011209690012037754, -0.012096532620489597, 0.001193690113723278, 0.018758494406938553, -0.03320338577032089, 0.014856385998427868, -0.0020290957763791084, 0.0010482479119673371, -0.004366812761873007, 0.012500932440161705, -0.007052171975374222, -0.019609862938523293, 4.37047092418652e-05, -0.017566576600074768, -0.01996459998190403, 0.0004793383996002376, -0.008981941267848015, 0.00931539386510849, -0.0008628977811895311, -0.038822419941425323, -0.0088826147839427, -0.0006824253359809518, -0.0026303750928491354, 0.026860687881708145, 0.009535331279039383, -0.007988677360117435, -0.020007167011499405, -0.000996811082586646, -0.005597750190645456, -0.019255125895142555, 0.029627636075019836, -0.02195112593472004, -0.012330658733844757, -0.01055697351694107, -0.014530028216540813, 0.002460101153701544, 0.006193708162754774, 0.0190139040350914, 0.004540633875876665, -0.0036360544618219137, -0.0015138402814045548, 0.019056472927331924, -0.030251972377300262, 0.002513311803340912, -0.04560499265789986, 0.06124179810285568, 0.022873442620038986, -0.00197233771905303, -0.015509102493524551, -0.022277485579252243, -0.020503800362348557, 0.025739718228578568, 0.0012061059242114425, 0.005406192038208246, -0.020872727036476135, -0.026662034913897514, 0.0071018352173268795, -0.01721183955669403, 0.0045867497101426125, 0.001802064012736082, -0.0028166119009256363, 0.013848933391273022, -0.017552386969327927, 0.015835460275411606, -0.020745020359754562, -0.0024530065711587667, -0.008499499410390854, 0.006002150475978851, -0.017722660675644875, 0.00903160497546196, -0.006459760945290327, 0.011606995016336441, -0.0013613032642751932, -0.027357319369912148, 0.01863078773021698, 0.0031181382946670055, 0.02281668595969677, -0.023043716326355934, -0.017892934381961823, -0.018574031069874763, 0.026023507118225098, -0.006062455475330353, -0.00043122717761434615, 0.0011848215945065022, -0.0122171426191926, 0.00191380619071424, -0.003018812043592334, 0.0031128174159675837, -0.0006598108448088169, -0.018857819959521294, -0.001643319264985621, 0.028790457174181938, 0.00216389587149024, -0.03391285985708237, -0.02633567713201046, -0.006509424187242985, -0.011961732059717178, -0.011330300010740757, 0.0008828517748042941, -0.011812742799520493, 0.010713057592511177, -0.035360187292099, 0.009861689060926437, -0.017552386969327927, -0.033799342811107635, -0.011947542428970337, 0.004377454984933138, 0.009067078121006489, 0.0014003243995830417, -0.012195859104394913, -0.1809442639350891, 0.035331808030605316, 0.035331808030605316, 0.0027651749551296234, 0.007555898744612932, 0.012621543370187283, 0.011287732049822807, -0.009677225723862648, 0.006509424187242985, -0.01321040652692318, 0.03487774357199669, 0.001012774184346199, -0.013302638195455074, -0.014955712482333183, -0.004455497022718191, -0.012444174848496914, -0.013309733010828495, 0.04171707481145859, 0.038084566593170166, 0.030365489423274994, 0.027343129739165306, -0.00931539386510849, 0.0063781714998185635, 0.015608428977429867, -0.021057190373539925, 0.00993973109871149, 0.012614448554813862, 0.021709905937314034, -0.009443099610507488, -0.015040849335491657, -0.024193065240979195, -0.014494555070996284, 0.010755626484751701, 0.012628638185560703, 0.009428909979760647, -0.035048019140958786, 0.003483517561107874, -0.011422531679272652, -0.0231004748493433, 0.022561274468898773, 0.020120684057474136, 0.021936938166618347, 0.007279203739017248, -0.022419380024075508, 0.0042355600744485855, -0.00351544376462698, 0.009663036093115807, -0.016502365469932556, -0.002291601151227951, 0.001095250598154962, -0.006126308348029852, -0.033600691705942154, 0.01921255700290203, 0.01627533510327339, 0.03291959688067436, 0.0061085713095963, -0.028308013454079628, 0.00672936113551259, 0.018006451427936554, -0.00506564462557435, -0.020986242219805717, -0.0462009496986866, 0.01653074473142624, -0.019638242200016975, 0.00033633504062891006, 0.020773399621248245, -0.002908843569457531, 0.01634628139436245, -0.015267881564795971, -0.007924824953079224, 0.014430701732635498, -0.01634628139436245, 0.01074853166937828, 0.004483875818550587, 0.009840404614806175, 0.01759495586156845, -0.01948215626180172, 0.014941522851586342, 0.012316469103097916, -0.01750981993973255, -0.02081596851348877, 0.031897954642772675, 0.0003148291143588722, 0.013480006717145443, 0.027527593076229095, 0.0032493912149220705, 0.003820517798885703, -0.007704888004809618, -0.002084079897031188, 0.007335961796343327, -0.011869500391185284, -0.03371420502662659, -0.007662319578230381, -0.01589221879839897, 0.0076339407823979855, 0.03422502800822258, 0.010776910930871964, -0.02471807599067688, -0.0007391832768917084, -0.027726246044039726, 0.03300473093986511, -0.0016042981296777725, -0.011330300010740757, -0.0012158611789345741, 0.03961703181266785, 0.04251168295741081, 0.00474992860108614, -0.0031181382946670055, 0.03377096354961395, -0.0041078547947108746, -0.007261466700583696, 0.016403039917349815, 0.01545234490185976, 0.013628995977342129, 0.002962054219096899, 0.034849364310503006, -0.021724095568060875, -0.0075488039292395115, 0.03212498500943184, -0.012621543370187283, 0.04376035928726196, -0.010996847413480282, 0.011081984266638756, -0.0007081437506712973, 0.016587503254413605, -0.008577541448175907, -0.08666934818029404, -0.019709188491106033, 0.011493479833006859, 0.03172767907381058, -0.019808515906333923, 0.02034771628677845, -0.025143759325146675, 0.03794267028570175, -0.009556615725159645, 0.02917357161641121, -0.03956027328968048, -0.022121399641036987, -0.0125931641086936, 0.009350867941975594, -0.014586785808205605, -0.001712493016384542, -0.004118497017771006, 0.0025807118508964777, 0.007704888004809618, 0.023043716326355934, -0.022277485579252243, -0.02860599383711815, -0.008974846452474594, -0.025257276371121407, 0.015282071195542812, 0.02595256082713604, -0.03343041613698006, -0.024491043761372566, 0.005317507777363062, 0.012919521890580654, -0.010578257963061333, -0.004799591843038797, -0.0033788701985031366, 0.002403343329206109, 0.006732908543199301, -0.0059844134375452995, -0.027697866782546043, -0.003087985794991255, 0.027896519750356674, -0.008400172926485538, 0.0015821270644664764, 0.012295184656977654, 0.0059737712144851685, -0.0231004748493433, -0.005111760459840298, -0.008726530708372593, -0.03059251978993416, 0.049492910504341125, 0.00567933963611722, -0.005895729176700115, -0.017722660675644875, -0.003440949134528637, -0.0012380322441458702, -0.019723378121852875, 0.0251863282173872, 0.007662319578230381, -0.004384549334645271, 0.020404472947120667, -0.0029904330149292946, -0.0013276032404974103, -0.04316440224647522, 0.008173140697181225, -0.016502365469932556, 0.024221444502472878, 0.02737150900065899, 0.02270316891372204, -0.032749321311712265, 0.012671206146478653, 0.017892934381961823, -0.01719764992594719, -0.03317500650882721, 0.027683677151799202, 0.012018490582704544, 0.017807798460125923, -0.000345425185514614, -0.025044433772563934, -0.026676224544644356, -0.011323206126689911, 0.018020641058683395, -0.03547370061278343, -0.002696001436561346, -0.017921313643455505, -0.02273154817521572, -0.017339546233415604, 0.01402630191296339, -0.0013249428011476994, 0.01787874661386013, -0.004313602112233639, -0.013536764308810234, -0.01321040652692318, 0.022107211872935295, 0.031131720170378685, 0.013898596167564392, -0.004973412957042456, 0.012415795587003231, 0.00482442369684577, 0.00324584380723536, 0.017821988090872765, 7.421763439197093e-05, 0.028492476791143417, -0.041972484439611435, -0.022022074088454247, -0.06867709010839462, 0.038737282156944275, 0.0030737961642444134, -0.0013453401625156403, -0.014600975438952446, -0.01607668213546276, -0.0010571163147687912, -0.00556582398712635, 0.006747098173946142, 0.014416512101888657, -0.017751039937138557, 0.0271870456635952, -0.008719435892999172, -0.02583904378116131, -0.0012575427535921335, -0.023937653750181198, 0.014161101542413235, 0.005118855275213718, 0.023441022261977196, -0.00014111882774159312, 0.00803124625235796, -0.003570428118109703, -0.0006629148265346885, 0.008797477930784225, -0.03689264878630638, -0.01255059614777565, -0.014466175809502602, 0.016034113243222237, -0.011394153349101543, 0.014984091743826866, 0.0156793761998415, 0.0115928053855896, 0.01748144067823887, 0.04551985487341881, 0.02805260382592678, -0.008449835702776909, 0.01569356583058834, 0.005360076203942299, 0.05789308249950409, -0.019155798479914665, -0.031983088701963425, -0.0031713489443063736, -0.010450552217662334, -0.026789739727973938, -0.012231332249939442, -0.006257561035454273, -0.04594554007053375, 0.013387775048613548, 0.014437796548008919, 0.003895012428984046, 0.018417945131659508, -0.013437438756227493, -0.004572560079395771, -0.01921255700290203, 0.0014828006969764829, -0.014927334152162075, -0.001703624497167766, 0.013749606907367706, 0.011387058533728123, -0.014494555070996284, 0.04401576891541481, 0.004803139250725508, 0.014459080994129181, -0.010017773136496544, -0.012806006707251072, 0.0020557011011987925, -0.02547011710703373, 0.013742512091994286, 0.014757060445845127, -0.01844632439315319, -0.02424982190132141, 0.03215336427092552, 0.004341980908066034, 0.03206822648644447, 0.03791429102420807, -0.02301533706486225, -0.02537079155445099, 0.004551276098936796, -0.023724811151623726, 0.013394869863986969, 0.004090117756277323, 0.0006549332174472511, 0.0024246275424957275, 0.0381980836391449, 0.0040972125716507435, 0.005551634356379509, -0.017453061416745186, -0.0062930346466600895, -0.02358291670680046, 0.004356170538812876, -0.021738285198807716, 0.011401248164474964, -0.0020876273047178984, 0.029343847185373306, 0.04163193702697754, -0.000632762152235955, 0.013103985227644444, 0.0053990972228348255, 0.04333467409014702, -0.006481045391410589, 0.011500573717057705, -0.006193708162754774, -0.013877312652766705, -0.020489610731601715, -0.03050738386809826, 0.006686792708933353, -0.043959010392427444, -0.015282071195542812, -0.008981941267848015, -0.02366805449128151, 0.0028024225030094385, 0.0010313978418707848, -0.0036200913600623608, 0.0038027807604521513, -0.00851368810981512, 0.0019528273260220885, -0.004047549329698086, 0.03547370061278343, -0.014657733961939812, 0.03666561841964722, -0.02863437309861183, 0.007084098178893328, 0.011493479833006859, 0.0036608860827982426, 0.028676940128207207, 0.018417945131659508, -0.017367923632264137, -0.01302594318985939, 0.024391718208789825, -0.010386699810624123, 0.021525442600250244, 0.0025789381470531225, -0.027584349736571312, -0.006647771690040827, -0.044441454112529755, 0.025597823783755302, 0.008584636263549328, 0.0067400033585727215, -0.001656621927395463, 0.06930142641067505, -0.0002370086731389165, 0.004285223316401243, 0.011443816125392914, 0.02615121379494667, 0.020943673327565193, -0.0013267165049910545, -0.015097607858479023, 0.009301204234361649, -0.02300114743411541, 0.003251164685934782, 0.00018945173360407352, -0.012124910950660706, -0.006374624092131853, 7.172339246608317e-05, -0.0046399603597819805, -0.01606249250471592, 0.021340979263186455, -0.011230974458158016, 0.005431023892015219, 0.018020641058683395, 0.012068153358995914, 0.02196531556546688, 0.009173499420285225, -0.020134873688220978, -0.019155798479914665, 0.005008886568248272, 0.011912069283425808, -0.022305862978100777, 0.015948977321386337, 0.0013719453709200025, 0.02243356965482235, -0.018886199221014977, -0.026307297870516777, -0.00630012946203351, 0.01094008982181549, -0.00022836195421405137, -0.00753461429849267, 0.025328222662210464, 0.015423965640366077, 0.013522575609385967, -0.015125986188650131, -0.023739000782370567, -0.014572597108781338, -0.012642827816307545, -0.006580371875315905, 0.0037460229359567165, -0.024122117087244987, -0.04307926446199417]"
"// Example usage:
//
// import { MyShape } from ./myShape.js;
//
// class MyComponent extends React.Component {
//   //
// }
//
// MyComponent.propTypes = {
//   input: MyShape
// };
import PropTypes from ""prop-types"";
let _BasketMargins;
let _Data;
let _Final;
let _Pnl;
_Pnl = PropTypes.shape({
    ""realised"": PropTypes.oneOfType([PropTypes.number, PropTypes.any]),
    ""unrealised"": PropTypes.oneOfType([PropTypes.number, PropTypes.any]),
});
_Final = PropTypes.shape({
    ""additional"": PropTypes.oneOfType([PropTypes.number, PropTypes.any]),
    ""bo"": PropTypes.oneOfType([PropTypes.number, PropTypes.any]),
    ""cash"": PropTypes.oneOfType([PropTypes.number, PropTypes.any]),
    ""exchange"": PropTypes.oneOfType([PropTypes.any, PropTypes.string]),
    ""exposure"": PropTypes.oneOfType([PropTypes.number, PropTypes.any]),
    ""option_premium"": PropTypes.oneOfType([PropTypes.number, PropTypes.any]),
    ""pnl"": PropTypes.oneOfType([_Pnl, PropTypes.any]),
    ""span"": PropTypes.oneOfType([PropTypes.number, PropTypes.any]),
    ""total"": PropTypes.oneOfType([PropTypes.number, PropTypes.any]),
    ""tradingsymbol"": PropTypes.oneOfType([PropTypes.any, PropTypes.string]),
    ""type"": PropTypes.oneOfType([PropTypes.any, PropTypes.string]),
    ""var"": PropTypes.oneOfType([PropTypes.number, PropTypes.any]),
});
_Data = PropTypes.shape({
    ""final"": PropTypes.oneOfType([_Final, PropTypes.any]),
    ""initial"": PropTypes.oneOfType([_Final, PropTypes.any]),
    ""orders"": PropTypes.oneOfType([PropTypes.arrayOf(_Final), PropTypes.any]),
});
_BasketMargins = PropTypes.shape({
    ""data"": PropTypes.oneOfType([_Data, PropTypes.any]),
    ""status"": PropTypes.oneOfType([PropTypes.any, PropTypes.string]),
});
export const BasketMargins = _BasketMargins;",basket_margins_prop_types.js,repositories/abc/data/basket_margins_prop_types.js,program/,program,Previous sibling does not exist,Next sibling does not exist,"(0, 0)","(46, 44)",N,"comment,comment,comment,comment,comment,comment,comment,comment,comment,comment,comment,import_statement,lexical_declaration,lexical_declaration,lexical_declaration,lexical_declaration,expression_statement,expression_statement,expression_statement,expression_statement,export_statement",comment,,386,bd7837d7-6922-4d60-8b40-f234cc142304,"[0.008905461989343166, 0.006555015221238136, -0.001237263553775847, -0.02178151160478592, -0.02748214080929756, 0.01206775102764368, 0.0004462480137590319, -0.018321426585316658, -0.006292672827839851, -0.023313023149967194, 0.04917856678366661, -0.008387867361307144, 0.011812498793005943, 0.010061186738312244, -0.0034317225217819214, -0.012748423032462597, 0.004413733724504709, 0.01206775102764368, 0.04880987107753754, -0.026134977117180824, 0.02064705826342106, -0.0022954961750656366, -0.0073526781052351, -0.01447137538343668, 0.0021235556341707706, 0.015768906101584435, 0.02064705826342106, -0.04038655012845993, -0.006069327238947153, -0.008040440268814564, 0.03491281345486641, -0.001838169526308775, -0.014485555700957775, -0.04458403214812279, -0.00272268895059824, -0.003105567069724202, -0.004683166742324829, -0.02344064973294735, 0.02338392660021782, 0.010784400627017021, -0.002043789252638817, 0.0003405576862860471, -0.012195377610623837, 0.013081668876111507, -0.007295955438166857, 0.01527258288115263, 0.004647715017199516, -0.029240544885396957, -0.0296943262219429, 0.0021802783012390137, 0.01097583957016468, 0.023043591529130936, -0.03511134162545204, -0.012422268278896809, 0.002997439354658127, -0.002463891636580229, 0.006221769377589226, 0.0057431720197200775, 0.02003728784620762, -0.005119222216308117, 0.03607562929391861, 0.013897057622671127, -0.009118171408772469, -0.006898896768689156, -0.004172662738710642, -0.009933560155332088, -0.012011028826236725, 0.01808035559952259, 0.002720916410908103, -0.01650630123913288, 0.0381460040807724, 0.043109241873025894, -0.005253938492387533, -0.009082719683647156, 0.016194326803088188, -0.012854778207838535, -0.03477100655436516, -0.021029936149716377, -0.029836133122444153, -0.023242119699716568, -0.005090861115604639, -0.011769956909120083, -0.000936810567509383, 0.03601890429854393, 0.007948266342282295, 0.015244221314787865, -0.01032352913171053, 0.0025046609807759523, 0.00850131269544363, -0.011273633688688278, 0.020462708547711372, -0.0028201809618622065, -0.0079340860247612, 0.01474789809435606, 0.006211134139448404, -0.018831931054592133, -0.025085607543587685, 0.019583506509661674, -0.027609767392277718, -0.001724724192172289, -0.011947215534746647, 0.01064259372651577, -0.0451228953897953, -0.014272845350205898, -0.015159137547016144, 0.0008295692969113588, 0.010436974465847015, 0.01035188976675272, 0.03383508324623108, -0.023426469415426254, -0.026773108169436455, 0.02477363310754299, 0.015059872530400753, -0.011436711065471172, 0.002463891636580229, 0.010514968074858189, 0.000739610637538135, -0.0019799761939793825, -0.008997635915875435, -0.032105039805173874, 0.00036559542058967054, 0.025113968178629875, 0.0015377165982499719, -0.01761239394545555, 0.0016600248636677861, 0.000997964758425951, -0.0023433559108525515, 0.006360031198710203, -0.021015753969550133, -0.027850838378071785, 0.06647899001836777, 0.009685398079454899, 0.01680409535765648, 0.007700104732066393, -0.0076433815993368626, 0.0018683033995330334, -0.029779409989714622, 0.01122400164604187, -0.02134191058576107, -0.02393697388470173, 0.021044116467237473, 0.014237393625080585, 0.016520481556653976, 0.014478465542197227, -0.027014179155230522, 0.005750262178480625, 0.02236291952431202, 0.030261551961302757, 0.015159137547016144, -0.012344274669885635, 0.010678045451641083, 0.012698790989816189, 0.012301732785999775, 0.020859766751527786, -0.008260240778326988, -0.00024904802558012307, -0.01895955763757229, 0.00237348978407681, 0.026418590918183327, -0.003747242270037532, 0.02125682681798935, 0.019867120310664177, 0.0023504463024437428, 0.005385109689086676, 0.008387867361307144, 0.017399683594703674, 0.016633927822113037, -0.006508928257972002, -0.0011025471612811089, 0.008650209754705429, 0.010472426190972328, 0.01531512476503849, -0.0060870531015098095, 0.0190730020403862, 0.00601260457187891, -0.0032367382664233446, 0.005399290472269058, 0.00562618114054203, -0.02943907305598259, 0.013748160563409328, -0.009330881759524345, -0.010124999098479748, 0.022107666358351707, 0.016407037153840065, -0.007615020498633385, -0.012308822944760323, 0.03255882114171982, -0.013180933892726898, -0.009231616742908955, -0.013280198909342289, 0.012819326482713223, 0.03167961910367012, -0.011195640079677105, -0.002065060194581747, -0.5908234715461731, -0.022036762908101082, 0.009238706901669502, -0.04710818827152252, 0.019441699609160423, 0.013010766357183456, 0.0037047003861516714, 0.009096900932490826, -0.0010006235679611564, 0.0024940255098044872, -0.01708770915865898, 0.0011255907593294978, 0.014620272442698479, 0.005608455277979374, 0.015456931665539742, -0.0238802507519722, 0.03207667917013168, -0.028956931084394455, 0.005183035507798195, 0.007111606653779745, -0.02390861138701439, -0.005753807257860899, -0.0034423579927533865, -0.0015873488737270236, -0.0027173710986971855, 0.01697426289319992, 0.002628742018714547, -0.00733140716329217, 0.027581404894590378, 0.016095062717795372, -0.05995587632060051, 0.014974788762629032, 0.007122242357581854, 0.0014278163434937596, 0.03939390555024147, -0.015300944447517395, -0.025865543633699417, 0.012819326482713223, 0.030346635729074478, 0.02827625907957554, -0.004690256901085377, 0.006544379983097315, 0.019782036542892456, 0.0005530461785383523, -0.01647794060409069, -0.0007072609732858837, 0.05442541465163231, -0.0130320368334651, 0.013017856515944004, 0.041974786669015884, -0.023837707936763763, -0.0035788468085229397, -0.003786239307373762, 0.023369746282696724, -0.005027047824114561, -0.03964915871620178, 0.04344957694411278, -0.00014701367763336748, -0.00896927434951067, -0.004275472369045019, -0.0047257086262106895, 0.0033076414838433266, -0.025057246908545494, -0.018066175282001495, -0.007565387990325689, 0.006760634947568178, -0.010139180347323418, 0.0026056983042508364, -0.0004861311463173479, -0.023724263533949852, 0.01441465225070715, 0.0285315103828907, 0.015612918883562088, -0.006973345298320055, 0.009940650314092636, 0.039961133152246475, 0.019384978339076042, -0.028191175311803818, 0.014903885312378407, 0.02003728784620762, 0.021327730268239975, -0.0035203516017645597, -0.02789338119328022, -0.02037762477993965, 0.019228991121053696, -0.0054772840812802315, -0.015428570099174976, 0.007792278658598661, 0.013329830951988697, -0.003938681446015835, 0.016846638172864914, 0.002120010321959853, -0.010089547373354435, -0.007079700008034706, -0.003254464128986001, 0.018307246267795563, -0.010486606508493423, 0.025837182998657227, -0.002052652183920145, -0.007721375674009323, -0.01017463207244873, 0.007437761873006821, 0.005097951274365187, 0.026361867785453796, -0.0003713563201017678, -0.0023415833711624146, -0.026631301268935204, 0.01758403331041336, 0.029921216890215874, -0.032388653606176376, -0.01221664808690548, -0.02291596494615078, -0.02512815035879612, -0.01275551412254572, 0.002075695665553212, -0.026985816657543182, 0.00147922127507627, 0.0043818275444209576, 0.016208507120609283, -0.0002147042250726372, 0.019002098590135574, 0.013180933892726898, 0.0076504722237586975, -0.01235845498740673, 0.005083770491182804, 0.01598161645233631, 0.022263653576374054, 0.009649946354329586, -0.012975314632058144, -0.0011530658230185509, 0.022986868396401405, 0.014067226089537144, 0.0174705870449543, -0.015939073637127876, 0.028744220733642578, 0.006672005634754896, 0.003935136366635561, 0.0031286105513572693, 0.024787813425064087, -0.027964284643530846, -0.009203256107866764, -0.015995796769857407, 0.01174868643283844, -0.030063023790717125, -0.009954831562936306, -0.0019409793894737959, -0.01451391726732254, -0.018122898414731026, -0.0006558560417033732, 0.02366754040122032, -0.01164942141622305, -0.012620797380805016, 0.012812236323952675, -0.0014783350052312016, 0.006409663241356611, -0.009189074859023094, -4.863527283305302e-05, 0.013095850124955177, 0.0016715466044843197, 0.006774815730750561, -0.012542803771793842, 0.031197477132081985, -0.013918329030275345, 0.0017654935363680124, -0.01898791827261448, 0.004413733724504709, 0.0010591188911348581, 0.003096704138442874, -0.009735031053423882, -0.03063024953007698, -0.025000523775815964, -0.002384125255048275, -0.006937893573194742, 0.01064259372651577, -0.0027138260193169117, 0.019087184220552444, -0.03150945156812668, -0.002903492422774434, 0.025964809581637383, -0.010912026278674603, 0.0014074316713958979, -0.00848713144659996, -0.018704306334257126, -0.0038252361118793488, 0.025369221344590187, 0.035366594791412354, 0.019952204078435898, 0.00687053520232439, 0.007189600262790918, 0.013549631461501122, -0.019810397177934647, 0.02836134284734726, 0.014676994644105434, 0.007522846106439829, -0.02792174182832241, 0.019228991121053696, -0.010784400627017021, 0.036727938801050186, -0.005704175215214491, -0.007444852497428656, 0.017754200845956802, 0.009033087641000748, 0.010025735013186932, -0.04041491448879242, 0.021824052557349205, -0.04384663701057434, 0.0003097590524703264, -0.03142436593770981, -0.02186659537255764, 0.03357983008027077, 0.015485293231904507, -0.027524683624505997, -0.015159137547016144, -0.003311186796054244, 0.007480304222553968, -0.008955094031989574, -0.00816806685179472, -0.008324054069817066, 0.004626444075256586, -0.007409400772303343, 0.011479252949357033, -0.010259715840220451, -0.0158681720495224, 0.008572216145694256, -0.01837814971804619, 0.02512815035879612, -0.0009053472313098609, -0.007778098341077566, -0.05215650796890259, -0.03167961910367012, 0.000834000704344362, 0.014634452760219574, 0.0041230302304029465, -0.003938681446015835, 0.00295844255015254, 0.02166806533932686, 0.0241638645529747, 0.009685398079454899, 0.028715860098600388, -0.04268382117152214, 0.0257662795484066, 0.0010857076849788427, -0.012734242714941502, -0.0030807508155703545, 0.011408350430428982, -0.027709031477570534, 0.05323423817753792, 0.04393171891570091, -0.0077639175578951836, 0.002281315391883254, -0.010777310468256474, 0.005931065883487463, 0.004069852642714977, -0.004137211013585329, 0.022164389491081238, -0.005324841942638159, -0.0007258731056936085, 0.04344957694411278, 0.018179619684815407, 0.023823527619242668, -0.01851995661854744, -0.005796349607408047, 0.0013826154172420502, 0.00441727926954627, 0.022603990510106087, -0.017626574262976646, -0.03499789535999298, -0.019668590277433395, -0.035480041056871414, 0.0013010766124352813, -0.018846111372113228, 0.004286108072847128, -0.017229516059160233, 0.0029123553540557623, 0.018874473869800568, -0.005718355532735586, 0.017952729016542435, 0.020888129249215126, -0.0008955980301834643, 0.004449185449630022, -0.04452730715274811, -0.02609243430197239, 0.018307246267795563, 0.01915808767080307, -0.015045692212879658, -0.019115544855594635, -0.015045692212879658, 0.0015332851326093078, -0.02247636392712593, 0.028134452179074287, -0.015215860679745674, 0.014017593115568161, -0.010195902548730373, 0.012074841186404228, -0.013273108750581741, 0.013386554084718227, -0.008891280740499496, -0.011472162790596485, 0.010047005489468575, -0.011628150008618832, 0.025865543633699417, 0.030913863331079483, -0.012393906712532043, 0.0010139179648831487, 0.036529410630464554, 0.019966384395956993, -0.018392330035567284, -0.013677257113158703, 0.006416753865778446, -0.018888654187321663, -0.010614232160151005, -0.03746533393859863, -0.010011553764343262, 0.004619353450834751, 0.012046480551362038, -0.0285315103828907, -0.0027581406757235527, -0.00439600832760334, 0.0055730040185153484, -0.0004648601170629263, -0.006781905889511108, -0.025028884410858154, -0.02396533451974392, 0.008047531358897686, 0.016293590888381004, 0.03491281345486641, 0.009238706901669502, -0.002212184714153409, -0.007437761873006821, -0.01202520914375782, -0.034487392753362656, 0.0095365010201931, -0.002564928960055113, -0.005012867506593466, 0.009813024662435055, 0.004832063801586628, -0.01849159598350525, 0.007193145342171192, 0.01697426289319992, 0.025454305112361908, -0.0232988428324461, -0.02877258136868477, 0.01155724748969078, -0.023539913818240166, -0.0029885764233767986, -0.01072767749428749, 0.01449973601847887, 0.018945377320051193, 0.015102415345609188, 0.02419222518801689, -0.007700104732066393, 0.023199578747153282, 0.0163077712059021, -0.02076050266623497, 0.008671480230987072, 0.014131039381027222, 0.0014552914071828127, 0.020221637561917305, -0.018477413803339005, 0.02291596494615078, 0.02952415682375431, 0.027297792956233025, 0.00628203758969903, 0.0254826657474041, 0.031197477132081985, 0.008082983084022999, 0.0285315103828907, -0.0011539520928636193, 0.010011553764343262, 0.02087394893169403, -0.02200840227305889, -0.027297792956233025, 0.009323791600763798, 0.007033613044768572, -0.008012079633772373, -0.002848542295396328, 0.0005898273084312677, -0.02512815035879612, 0.019441699609160423, -0.006647189613431692, 0.01125236228108406, -0.016903359442949295, 0.005934610962867737, -0.033438023179769516, 0.013400734402239323, -0.005590729881078005, -0.010167540982365608, 0.0019693407230079174, -0.00020606287580449134, -0.010763129219412804, -0.05388655140995979, 0.0015687367413192987, -0.0272268895059824, -0.013344011269509792, -0.0005809643771499395, 0.00517594488337636, 0.0009926470229402184, -0.00783482100814581, 0.016931721940636635, 0.028744220733642578, 0.011606879532337189, -0.011337446980178356, 0.01642121747136116, 0.026517855003476143, 0.005867252591997385, -0.019725313410162926, -0.02827625907957554, -0.01694590225815773, -0.0008707818342372775, 0.008359505794942379, 0.01813707873225212, 0.0004985392442904413, -0.015286763198673725, 0.020774682983756065, 0.0024461657740175724, -0.008246060460805893, 0.009189074859023094, -0.025908086448907852, 0.022079305723309517, 0.0002550305216573179, -0.014336658641695976, 0.013010766357183456, -0.013060398399829865, -0.022717434912919998, 0.01198266725987196, -0.007742646615952253, 0.0017149749910458922, 0.004041491542011499, -0.002088103909045458, 0.007005251478403807, 0.004902967251837254, -0.012542803771793842, 0.0021714153699576855, -0.014230303466320038, 0.005307116080075502, -0.02734033390879631, -0.016591385006904602, -0.01313130185008049, -0.0012204240774735808, -0.014230303466320038, 0.0031321558635681868, -0.01976785622537136, -0.001962250331416726, -0.00644156988710165, -0.0055340067483484745, -0.013443276286125183, 0.0030842958949506283, -0.013769431971013546, -0.013967961072921753, 0.011727415025234222, -0.015244221314787865, -0.0035894825123250484, -0.004410188645124435, 0.0007830389658920467, -0.003162289736792445, -0.000674468174111098, -0.021072477102279663, -0.016931721940636635, -0.018675943836569786, -0.00410530436784029, 0.009557772427797318, 0.025113968178629875, 0.012805146165192127, 0.029807770624756813, -0.01703098602592945, -0.01578308641910553, 0.02175314910709858, -0.007051338907331228, -0.030346635729074478, -0.033239495009183884, -0.03828781098127365, -0.0010325300972908735, 0.0010706406319513917, 0.023866070434451103, 0.010635503567755222, 0.023213759064674377, -0.02466018684208393, -0.01532930601388216, -0.012422268278896809, -0.02958087995648384, 0.0004415949806571007, -0.0014233848778530955, 0.02449001930654049, 0.027553044259548187, 0.02283088117837906, 0.016378674656152725, 0.039734240621328354, 0.01860504038631916, 0.0042683822102844715, 0.017186973243951797, 0.020689599215984344, -0.01575472578406334, -0.04032982885837555, 0.005675813648849726, -0.014230303466320038, 0.03689810633659363, 0.010231354273855686, 0.013585083186626434, -0.01674737222492695, -0.0014801075449213386, -0.007253413554280996, -0.004257746506482363, -0.031310923397541046, -0.047533608973026276, 0.0006695935735478997, 0.004622898995876312, -0.003121520159766078, 0.018037814646959305, -0.0489233173429966, -0.006771270651370287, 0.0061756824143230915, 0.0003077648871112615, -0.02078886330127716, -0.0013338694116100669, 0.005647452548146248, -0.03601890429854393, 0.042031507939100266, -0.011316175572574139, 0.0401880219578743, -0.018675943836569786, -0.034260500222444534, -0.017243696376681328, -0.039932768791913986, -0.004917147569358349, 0.0045874472707509995, 0.020888129249215126, 0.027709031477570534, 0.02285924181342125, -0.02338392660021782, 0.01369852852076292, -0.03383508324623108, 0.009465598501265049, 0.005775078199803829, 0.021185923367738724, 0.017683297395706177, -0.03304096311330795, -0.010472426190972328, -0.026106616482138634, -0.01703098602592945, 0.022731615230441093, -0.011202730238437653, 0.02667384222149849, -0.0013985687401145697, -0.013663076795637608, -0.00812552496790886, -0.013918329030275345, 0.04932037368416786, 0.006001969333738089, 0.007451942656189203, 0.02827625907957554, -0.022845061495900154, -0.04242856800556183, 0.00882037729024887, 0.0020366988610476255, 0.007756827399134636, 0.0008229220984503627, 0.0006376870442181826, 0.0025950628332793713, -0.02277415804564953, 0.020193275064229965, -0.011110556311905384, -0.026858191937208176, -0.017740020528435707, 0.038599785417318344, 0.014343748800456524, 0.022901784628629684, -0.0269290953874588, -0.0030346636194735765, -0.026390228420495987, 0.0008499539690092206, -0.01225918997079134, 0.0025365676265209913, 0.010124999098479748, -0.02178151160478592, -0.006530199199914932, 0.014832981862127781, -0.011294905096292496, 0.0404716357588768, 0.01566964201629162, -0.003052389482036233, 0.004037945996969938, 0.0041230302304029465, 0.007905724458396435, -0.007459033280611038, 0.019342435523867607, 0.027070902287960052, -0.03060188889503479, 0.01572636514902115, 0.036727938801050186, 0.012145744636654854, -0.033381301909685135, 0.014272845350205898, -0.007565387990325689, 0.03601890429854393, -0.01796691119670868, 0.01060005184262991, -0.013528360053896904, 0.00398831395432353, 0.04991596192121506, 0.009671217761933804, -0.03275734931230545, -0.05130567029118538, -0.014918066561222076, -0.011294905096292496, 0.0216964278370142, -0.032388653606176376, -0.010819852352142334, -0.0395924337208271, 0.012918591499328613, -0.0017663799226284027, -0.021795691922307014, -0.0077639175578951836, -0.002056197263300419, -0.030289914458990097, 0.002006564987823367, -0.010181722231209278, -0.0009314928320236504, 0.0010413930285722017, 0.01686081849038601, -0.026134977117180824, -0.006643644534051418, 0.03706827387213707, -0.01749894767999649, 0.03366491198539734, -0.02681564912199974, 0.0296943262219429, -0.0634726881980896, 0.017016805708408356, -0.020746322348713875, -0.025525208562612534, 0.0003806623863056302, 0.005689994432032108, -0.01074185874313116, -0.007090335711836815, 0.024858716875314713, 0.02745378017425537, -0.034345585852861404, -0.02003728784620762, 0.013329830951988697, -0.00116813275963068, -0.01340782456099987, -0.017456406727433205, 0.030034661293029785, 0.002724461490288377, -0.0033537286799401045, -0.00787736289203167, -0.04015966132283211, -0.017683297395706177, -0.003096704138442874, -0.010763129219412804, -0.02797846496105194, -0.003889049170538783, -0.010706407018005848, 0.009905198588967323, 0.03363655135035515, -0.007778098341077566, -0.00400958489626646, 0.03068697266280651, -0.025326678529381752, -0.034402307122945786, -0.006048056297004223, -0.014903885312378407, 0.012989494949579239, -0.00877783540636301, 0.016293590888381004, 0.0285315103828907, 0.011103465221822262, 0.047647055238485336, -0.042116593569517136, -0.01535766664892435, -0.019200628623366356, -0.00021359635866247118, -0.02120010368525982, 0.003906774800270796, -0.003539850004017353, 0.038741592317819595, 0.01141544058918953, -0.02932562865316868, -0.0017530855257064104, -0.0031144300010055304, -0.030828779563307762, -0.025227414444088936, -0.029013654217123985, 0.0031498814933001995, -0.0030896137468516827, 0.019143905490636826, -0.004778886213898659, 0.04679621383547783, -0.0006341419066302478, 0.008522583171725273, -0.030176468193531036, -0.009465598501265049, 0.024858716875314713, -0.006838628556579351, 0.0026376049499958754, 0.008905461989343166, -0.022632351145148277, -0.014776259660720825, 0.029098737984895706, -0.01416649017482996, 0.012826417572796345, 0.019257351756095886, -0.021767331287264824, -0.034515753388404846, -0.036813024431467056, 0.017186973243951797, -0.02297268807888031, -0.005090861115604639, 0.000748030433896929, -0.011365807615220547, -0.014393381774425507, 0.019455881789326668, -0.006381302140653133, -0.0005592502420768142, 0.01126654352992773, -0.01192594412714243, 0.021568801254034042, 0.01603833958506584, 0.007437761873006821, 0.017725838348269463, -0.005317751783877611, -0.012975314632058144, 0.047618694603443146, -0.005732536315917969, 0.0035664387978613377, 0.04883823171257973, 0.009770482778549194, -0.019696952775120735, -0.029155459254980087, -0.00412657530978322, -0.025525208562612534, -0.00426483666524291, -0.0021022844593971968, -0.02148371748626232, -0.005732536315917969, -0.025964809581637383, 0.0044669113121926785, -0.01083403266966343, -0.008068801835179329, -0.01691754162311554, -0.005264574196189642, -0.009649946354329586, 0.0401880219578743, -0.0018346243305131793, -0.04067016392946243, 0.007863182574510574, 0.0006279378430917859, -0.014301206916570663, -0.0029194457456469536, -0.023270482197403908, 0.011890493333339691, -0.020221637561917305, -0.022660711780190468, -0.0010121454251930118, -0.007022977340966463, -0.018860293552279472, -0.01225918997079134, 0.024887077510356903, 0.0019232535269111395, 0.007079700008034706, 0.19342435896396637, -0.0013551403535529971, 0.007058429066091776, 0.029070375487208366, -0.00783482100814581, -0.025496846064925194, 0.008309873752295971, 0.000249934324529022, 0.0047576152719557285, 0.02690073288977146, -0.009664127603173256, 0.02855987288057804, -0.01744222640991211, -0.019555145874619484, 0.018321426585316658, 0.031055670231580734, -0.03499789535999298, -0.027737392112612724, -0.02777993492782116, 0.0035114886704832315, 0.03820272907614708, -0.008912552148103714, 0.014818801544606686, -0.0294107124209404, 0.017825104296207428, -0.006881170906126499, 0.02012237347662449, 0.007253413554280996, 0.026333507150411606, -0.002208639634773135, -0.023157035931944847, -0.017130250111222267, 0.00687053520232439, 0.003835871582850814, 0.005353203509002924, -0.00906853936612606, 0.015485293231904507, 0.004690256901085377, 0.026943275704979897, -0.010982929728925228, -0.010947478003799915, -0.027028359472751617, 0.028262078762054443, -0.002357536694034934, -0.010770219378173351, 0.0036940649151802063, -0.03043172135949135, -0.007444852497428656, 0.03182142600417137, 0.026957456022500992, -0.03828781098127365, 0.014988969080150127, 0.032133400440216064, 0.012954043224453926, -0.013429095968604088, -0.015258402563631535, 0.014591910876333714, -0.0075866589322686195, -0.00038553698686882854, 0.01802363246679306, -0.0326155424118042, 0.01150052435696125, -0.0004216533852741122, 0.002697872696444392, -0.0024426206946372986, 0.012805146165192127, -0.006023240275681019, -0.01788182556629181, -0.0017832193989306688, -0.013053308241069317, -0.01948424242436886, 0.001292213681153953, -0.006395482923835516, 0.007912814617156982, -0.0019356616539880633, -0.037862394005060196, -0.01039443165063858, -0.0020810135174542665, -0.0023469009902328253, 0.029070375487208366, 0.007622110657393932, -0.004906512331217527, -0.01959768682718277, -0.0013959098141640425, -0.00628203758969903, -0.017201153561472893, 0.030261551961302757, -0.02166806533932686, -0.010763129219412804, -0.01174868643283844, -0.015797268599271774, 0.000865464098751545, 0.006852809339761734, 0.01924317143857479, 0.0052220323123037815, -0.0014047727454453707, -0.00342463213019073, 0.017116069793701172, -0.032019954174757004, 0.005736081395298243, -0.04617226496338844, 0.06455041468143463, 0.023539913818240166, 0.0005455127102322876, -0.015598738566040993, -0.024674367159605026, -0.020661238580942154, 0.02587972581386566, 0.0012257418129593134, 0.0021359636448323727, -0.01874684728682041, -0.023454830050468445, 0.005994878709316254, -0.019470062106847763, 0.006824448239058256, -0.0006478794384747744, -0.002993894275277853, 0.013627625070512295, -0.017314599826931953, 0.017286239191889763, -0.021058296784758568, -0.0024780724197626114, -0.008040440268814564, 0.003428177209571004, -0.01921480894088745, 0.011613969691097736, -0.006601102650165558, 0.011550156399607658, -0.004810792859643698, -0.025808822363615036, 0.01642121747136116, 0.0015137866139411926, 0.02515651099383831, -0.022731615230441093, -0.018846111372113228, -0.01727205701172352, 0.024560922756791115, -0.008877100422978401, 0.000646993110422045, 0.0030807508155703545, -0.013287289068102837, 0.003683429444208741, -0.0011690191458910704, 0.004254201427102089, -0.0014712446136400104, -0.016009977087378502, -0.0025028884410858154, 0.029751047492027283, 0.0026021532248705626, -0.03633087873458862, -0.029864493757486343, -0.008721113204956055, -0.01394669059664011, -0.011606879532337189, 0.00024860489065758884, -0.014492645859718323, 0.009274158626794815, -0.03403361141681671, 0.008345325477421284, -0.020051470026373863, -0.036813024431467056, -0.010713497176766396, 0.005339022725820541, 0.005962972063571215, 0.0011858586221933365, -0.012145744636654854, -0.18071848154067993, 0.03587709739804268, 0.035565122961997986, 0.001953387400135398, 0.009040177799761295, 0.013684348203241825, 0.010990019887685776, -0.011550156399607658, 0.005144038703292608, -0.014251574873924255, 0.0328991562128067, 0.002692554844543338, -0.013691438362002373, -0.01426575519144535, -0.004427914507687092, -0.008238970302045345, -0.014194851741194725, 0.037805669009685516, 0.036359239369630814, 0.032218486070632935, 0.028644956648349762, -0.009437236934900284, 0.005339022725820541, 0.01575472578406334, -0.022292016074061394, 0.010869484394788742, 0.012103202752768993, 0.022717434912919998, -0.010025735013186932, -0.01355672162026167, -0.022178569808602333, -0.018619220703840256, 0.006991071160882711, 0.012089022435247898, 0.010826942510902882, -0.035366594791412354, 0.005094406194984913, -0.011493434198200703, -0.02393697388470173, 0.01927153207361698, 0.021412814036011696, 0.02134191058576107, 0.005009321961551905, -0.021568801254034042, 0.004966780077666044, -0.003004529746249318, 0.010302257724106312, -0.019994746893644333, -0.001317029818892479, 0.0030754331964999437, -0.005934610962867737, -0.03278571367263794, 0.01959768682718277, 0.015882352367043495, 0.03247373551130295, 0.008033350110054016, -0.02885766513645649, 0.0062643117271363735, 0.01633613370358944, -0.005374474450945854, -0.02311449497938156, -0.04586029052734375, 0.017300419509410858, -0.020519431680440903, 0.004282562527805567, 0.02067541889846325, -0.0029123553540557623, 0.017116069793701172, -0.019285712391138077, -0.007508665323257446, 0.012500261887907982, -0.014329568482935429, 0.010692225769162178, 0.007778098341077566, 0.006962709594517946, 0.018562499433755875, -0.01871848665177822, 0.015825629234313965, 0.009501049295067787, -0.01714443229138851, -0.018789390102028847, 0.03258718177676201, 0.0005836232448928058, 0.014443013817071915, 0.02780829556286335, 0.002756367903202772, 0.004087578505277634, -0.006778360810130835, -0.001683068461716175, 0.006480566691607237, -0.012202467769384384, -0.030998947098851204, -0.008182247169315815, -0.01810871809720993, 0.005555278155952692, 0.03281407430768013, 0.01087657455354929, -0.021965859457850456, -0.00042253968422301114, -0.0251848716288805, 0.030233191326260567, -0.004013129975646734, -0.010713497176766396, 0.00012795839575119317, 0.04160609096288681, 0.04143591970205307, -0.0016759780701249838, -0.0006221769726835191, 0.03182142600417137, -0.00048480171244591475, -0.004661895800381899, 0.018945377320051193, 0.011975577101111412, 0.011571427807211876, 0.003789784386754036, 0.030318275094032288, -0.01802363246679306, -0.00783482100814581, 0.029977938160300255, -0.012918591499328613, 0.04566176235675812, -0.010514968074858189, 0.0108482139185071, -0.002541885245591402, 0.020136553794145584, -0.007941176183521748, -0.09523738920688629, -0.021072477102279663, 0.011805408634245396, 0.0328991562128067, -0.021299367770552635, 0.020306721329689026, -0.023199578747153282, 0.04058508202433586, -0.01036607101559639, 0.028035186231136322, -0.03942226618528366, -0.021271007135510445, -0.013095850124955177, 0.009763392619788647, -0.01703098602592945, -0.002472754567861557, -0.003984768409281969, 0.005909794941544533, 0.0034902177285403013, 0.02283088117837906, -0.021611342206597328, -0.029807770624756813, -0.009614495560526848, -0.023766804486513138, 0.01537184789776802, 0.02935398928821087, -0.029665963724255562, -0.024291489273309708, 0.005282300058752298, 0.014450103975832462, -0.011075104586780071, -0.006090598180890083, -0.0018753937911242247, 0.0028201809618622065, 0.00766465300694108, -0.007359768263995647, -0.025667015463113785, -0.0031924236100167036, 0.030942223966121674, -0.007480304222553968, 0.0003884174511767924, 0.01466281432658434, 0.005307116080075502, -0.024844536557793617, -0.0034317225217819214, -0.010280986316502094, -0.03278571367263794, 0.047363441437482834, 0.007310136221349239, -0.006703912280499935, -0.02064705826342106, -0.004477547015994787, -0.0022334556560963392, -0.017016805708408356, 0.027184346690773964, 0.007983718067407608, -0.004800157155841589, 0.022320376709103584, -0.005179489962756634, -0.0035664387978613377, -0.04452730715274811, 0.0016715466044843197, -0.015598738566040993, 0.024858716875314713, 0.032360292971134186, 0.025893906131386757, -0.0340619720518589, 0.015300944447517395, 0.01785346493124962, -0.019753675907850266, -0.0352247878909111, 0.028021005913615227, 0.009543592110276222, 0.018534136936068535, -0.001525308471173048, -0.021880775690078735, -0.025312498211860657, -0.017045166343450546, 0.017810923978686333, -0.03479936718940735, -0.0038252361118793488, -0.017740020528435707, -0.02440493553876877, -0.018363969400525093, 0.013017856515944004, -0.0003853154194075614, 0.014918066561222076, -0.0034033611882478, -0.011486344039440155, -0.015088234096765518, 0.022731615230441093, 0.030346635729074478, 0.01274133287370205, -0.007941176183521748, 0.013039126992225647, 0.003899684641510248, 0.005115677136927843, 0.016874998807907104, 0.0028839940205216408, 0.028545690700411797, -0.04069852828979492, -0.02095903269946575, -0.06965545564889908, 0.038599785417318344, 0.003959952387958765, -0.002166097518056631, -0.016095062717795372, -0.012790965847671032, -0.002254726830869913, -0.00599133362993598, 0.009543592110276222, 0.013386554084718227, -0.014875523746013641, 0.02719852700829506, -0.010706407018005848, -0.0241638645529747, -0.003800419857725501, -0.02413550205528736, 0.01308875996619463, -0.0002989019558299333, 0.02247636392712593, 0.0006549697718583047, 0.0075866589322686195, -0.0033962707966566086, -0.000617745507042855, 0.00737394904717803, -0.03803256154060364, -0.010748948901891708, -0.017711658030748367, 0.017186973243951797, -0.012039389461278915, 0.014343748800456524, 0.01531512476503849, 0.008919642306864262, 0.018406512215733528, 0.04710818827152252, 0.032331932336091995, -0.005945246666669846, 0.016931721940636635, 0.00642029894515872, 0.05663760006427765, -0.013102940283715725, -0.028701677918434143, -0.0019782036542892456, -0.01173450518399477, -0.027666490525007248, -0.008352415636181831, -0.003413996659219265, -0.04665440693497658, 0.015499473549425602, 0.01447137538343668, 0.004041491542011499, 0.016208507120609283, -0.013280198909342289, -0.0023203124292194843, -0.019470062106847763, -0.0020792409777641296, -0.012968223541975021, -0.0028308164328336716, 0.01416649017482996, 0.012805146165192127, -0.01384742558002472, 0.04370483011007309, 0.0026021532248705626, 0.015102415345609188, -0.006356486119329929, -0.010507876984775066, 0.0005486147128976882, -0.027411237359046936, 0.012663339264690876, 0.01208193227648735, -0.01799527183175087, -0.022632351145148277, 0.03244537487626076, 0.002267134841531515, 0.033211130648851395, 0.03800419718027115, -0.02457510307431221, -0.025199051946401596, 0.008699841797351837, -0.024121321737766266, 0.012386816553771496, 0.004282562527805567, -0.0015501246089115739, 0.005225577391684055, 0.035451676696538925, 0.005994878709316254, 0.0011193867539986968, -0.01766911707818508, -0.006618828512728214, -0.023724263533949852, 0.005612000823020935, -0.0180519949644804, 0.008784925565123558, 0.000760438502766192, 0.0307153332978487, 0.037777308374643326, -0.0014340203488245606, 0.01592489331960678, 0.005406381096690893, 0.03939390555024147, -0.00925997830927372, 0.013237657025456429, -0.003633796935901046, -0.01345036644488573, -0.01918644830584526, -0.03153781220316887, 0.002997439354658127, -0.04288234934210777, -0.016194326803088188, -0.009160713292658329, -0.02148371748626232, 0.002742187352851033, -0.0003680327208712697, -0.009174894541501999, 0.0028148633427917957, -0.00797662790864706, -0.0005060727125965059, -0.0038075102493166924, 0.032360292971134186, -0.01413812953978777, 0.03692646697163582, -0.02600735053420067, 0.0006031216471455991, 0.016492120921611786, 0.00548791978508234, 0.02958087995648384, 0.0202358178794384, -0.02076050266623497, -0.015074053779244423, 0.02277415804564953, -0.007157693617045879, 0.021044116467237473, 0.002050879644230008, -0.02777993492782116, -0.003779148915782571, -0.04625735059380531, 0.023369746282696724, 0.006313943769782782, 0.005342567805200815, -0.002946034539490938, 0.07147058099508286, 0.0022848607040941715, 0.002143054036423564, 0.014017593115568161, 0.027538863942027092, 0.0213986337184906, 0.00027785252314060926, -0.014932246878743172, 0.011195640079677105, -0.021271007135510445, 0.0029318537563085556, -0.0031126574613153934, -0.011578517965972424, -0.007409400772303343, 0.0023220849689096212, -0.00603387551382184, -0.012897320091724396, 0.025397581979632378, -0.012833507731556892, 0.005980697926133871, 0.018775207921862602, 0.0134645476937294, 0.020888129249215126, 0.008359505794942379, -0.019399158656597137, -0.016662288457155228, 0.0030789782758802176, 0.010245534591376781, -0.0202358178794384, 0.01466281432658434, 0.001583803677931428, 0.01927153207361698, -0.013790702447295189, -0.026418590918183327, -0.006491202395409346, 0.010089547373354435, 0.0017929686000570655, -0.009415965527296066, 0.027467960491776466, 0.015485293231904507, 0.015059872530400753, -0.01355672162026167, -0.023128675296902657, -0.015130775980651379, -0.013017856515944004, -0.0076433815993368626, 0.006104778964072466, -0.022263653576374054, -0.04810083657503128]"
